City,Post
Mumbai,Accident reported near Powai. Expect delays.
Bangalore,"Police checkpoint near Indiranagar, causing minor delays."
Bangalore,Rain causing waterlogging near Indiranagar. Drive carefully!
Mumbai,"Road construction near Andheri, causing slow traffic."
Hyderabad,Rain causing waterlogging near Gachibowli. Drive carefully!
Mumbai,"Road construction near Colaba, causing slow traffic."
Delhi,"Avoid Karol Bagh if possible, traffic jam reported."
Bangalore,Rain causing waterlogging near Marathahalli. Drive carefully!
Bangalore,Accident reported near Electronic City. Expect delays.
Mumbai,Peak hour traffic near Bandra. Plan accordingly.
Hyderabad,"Police checkpoint near Jubilee Hills, causing minor delays."
Bangalore,Marathahalli route is experiencing high traffic volume.
Hyderabad,"Traffic is heavy near Jubilee Hills, please take another route."
Hyderabad,Peak hour traffic near Secunderabad. Plan accordingly.
Mumbai,Powai route is experiencing high traffic volume.
Bangalore,"Traffic moving smoothly near Electronic City, all clear!"
Bangalore,"Traffic is heavy near Electronic City, please take another route."
Bangalore,"Avoid Kasavanahalli if possible, traffic jam reported."
Delhi,"Traffic moving smoothly near Dwarka, all clear!"
Delhi,"Traffic moving smoothly near Karol Bagh, all clear!"
Hyderabad,Peak hour traffic near Gachibowli. Plan accordingly.
Mumbai,Accident reported near Colaba. Expect delays.
Mumbai,Colaba route is experiencing high traffic volume.
Bangalore,Koramangala route is experiencing high traffic volume.
Bangalore,"Traffic is heavy near Kasavanahalli, please take another route."
Bangalore,"Police checkpoint near Electronic City, causing minor delays."
Hyderabad,"Road construction near Banjara Hills, causing slow traffic."
Mumbai,"Avoid Dadar if possible, traffic jam reported."
Delhi,Vehicle breakdown near Connaught Place causing congestion.
Hyderabad,"Road construction near Hitech City, causing slow traffic."
Mumbai,"Avoid Bandra if possible, traffic jam reported."
Bangalore,"Road construction near Kasavanahalli, causing slow traffic."
Delhi,Connaught Place route is experiencing high traffic volume.
Delhi,"Police checkpoint near Karol Bagh, causing minor delays."
Hyderabad,"Police checkpoint near Secunderabad, causing minor delays."
Hyderabad,"Road construction near Gachibowli, causing slow traffic."
Hyderabad,"Avoid Secunderabad if possible, traffic jam reported."
Delhi,Chandni Chowk route is experiencing high traffic volume.
Delhi,Peak hour traffic near Chandni Chowk. Plan accordingly.
Hyderabad,"Avoid Banjara Hills if possible, traffic jam reported."
Bangalore,"Traffic moving smoothly near Marathahalli, all clear!"
Bangalore,"Police checkpoint near Marathahalli, causing minor delays."
Delhi,"Police checkpoint near Saket, causing minor delays."
Hyderabad,Accident reported near Hitech City. Expect delays.
Hyderabad,"Traffic moving smoothly near Secunderabad, all clear!"
Hyderabad,Rain causing waterlogging near Secunderabad. Drive carefully!
Hyderabad,Peak hour traffic near Jubilee Hills. Plan accordingly.
Hyderabad,Secunderabad route is experiencing high traffic volume.
Bangalore,"Traffic moving smoothly near Kasavanahalli, all clear!"
Mumbai,Vehicle breakdown near Andheri causing congestion.
Bangalore,"Road construction near Indiranagar, causing slow traffic."
Delhi,Rain causing waterlogging near Karol Bagh. Drive carefully!
Mumbai,"Police checkpoint near Powai, causing minor delays."
Delhi,Vehicle breakdown near Dwarka causing congestion.
Mumbai,Vehicle breakdown near Dadar causing congestion.
Hyderabad,Accident reported near Banjara Hills. Expect delays.
Mumbai,"Traffic is heavy near Powai, please take another route."
Delhi,"Avoid Connaught Place if possible, traffic jam reported."
Hyderabad,Vehicle breakdown near Jubilee Hills causing congestion.
Bangalore,"Traffic is heavy near Indiranagar, please take another route."
Hyderabad,Rain causing waterlogging near Banjara Hills. Drive carefully!
Delhi,Accident reported near Saket. Expect delays.
Mumbai,"Traffic moving smoothly near Powai, all clear!"
Delhi,Peak hour traffic near Connaught Place. Plan accordingly.
Bangalore,Peak hour traffic near Marathahalli. Plan accordingly.
Bangalore,"Traffic is heavy near Koramangala, please take another route."
Delhi,"Road construction near Saket, causing slow traffic."
Bangalore,"Police checkpoint near Koramangala, causing minor delays."
Bangalore,Peak hour traffic near Koramangala. Plan accordingly.
Hyderabad,"Traffic is heavy near Secunderabad, please take another route."
Delhi,"Police checkpoint near Connaught Place, causing minor delays."
Delhi,Rain causing waterlogging near Chandni Chowk. Drive carefully!
Mumbai,"Traffic moving smoothly near Andheri, all clear!"
Delhi,"Traffic is heavy near Dwarka, please take another route."
Bangalore,Vehicle breakdown near Kasavanahalli causing congestion.
Hyderabad,Peak hour traffic near Hitech City. Plan accordingly.
Bangalore,Rain causing waterlogging near Electronic City. Drive carefully!
Delhi,"Avoid Saket if possible, traffic jam reported."
Delhi,"Traffic is heavy near Chandni Chowk, please take another route."
Mumbai,"Road construction near Dadar, causing slow traffic."
Mumbai,Bandra route is experiencing high traffic volume.
Bangalore,"Avoid Koramangala if possible, traffic jam reported."
Bangalore,Indiranagar route is experiencing high traffic volume.
Delhi,"Traffic moving smoothly near Connaught Place, all clear!"
Delhi,"Road construction near Chandni Chowk, causing slow traffic."
Delhi,Rain causing waterlogging near Dwarka. Drive carefully!
Mumbai,Vehicle breakdown near Bandra causing congestion.
Bangalore,"Avoid Electronic City if possible, traffic jam reported."
Mumbai,Rain causing waterlogging near Colaba. Drive carefully!
Bangalore,"Traffic is heavy near Marathahalli, please take another route."
Mumbai,Accident reported near Dadar. Expect delays.
Hyderabad,"Avoid Hitech City if possible, traffic jam reported."
Bangalore,Vehicle breakdown near Koramangala causing congestion.
Mumbai,Rain causing waterlogging near Bandra. Drive carefully!
Hyderabad,"Traffic moving smoothly near Jubilee Hills, all clear!"
Mumbai,Andheri route is experiencing high traffic volume.
Mumbai,"Traffic moving smoothly near Dadar, all clear!"
Delhi,Peak hour traffic near Karol Bagh. Plan accordingly.
Delhi,Rain causing waterlogging near Saket. Drive carefully!
Hyderabad,Rain causing waterlogging near Hitech City. Drive carefully!
Hyderabad,Jubilee Hills route is experiencing high traffic volume.
Mumbai,Vehicle breakdown near Colaba causing congestion.
Bangalore,"Police checkpoint near Kasavanahalli, causing minor delays."
Mumbai,Peak hour traffic near Dadar. Plan accordingly.
Hyderabad,Rain causing waterlogging near Jubilee Hills. Drive carefully!
Hyderabad,"Road construction near Jubilee Hills, causing slow traffic."
Mumbai,"Police checkpoint near Dadar, causing minor delays."
Mumbai,Peak hour traffic near Powai. Plan accordingly.
Mumbai,"Avoid Colaba if possible, traffic jam reported."
Delhi,Dwarka route is experiencing high traffic volume.
Bangalore,Accident reported near Koramangala. Expect delays.
Delhi,"Police checkpoint near Chandni Chowk, causing minor delays."
Delhi,Karol Bagh route is experiencing high traffic volume.
Delhi,Accident reported near Chandni Chowk. Expect delays.
Mumbai,Peak hour traffic near Andheri. Plan accordingly.
Hyderabad,Vehicle breakdown near Gachibowli causing congestion.
Mumbai,"Police checkpoint near Bandra, causing minor delays."
Mumbai,"Road construction near Bandra, causing slow traffic."
Hyderabad,"Traffic moving smoothly near Gachibowli, all clear!"
Bangalore,Peak hour traffic near Kasavanahalli. Plan accordingly.
Delhi,"Road construction near Connaught Place, causing slow traffic."
Mumbai,"Traffic is heavy near Colaba, please take another route."
Delhi,Accident reported near Connaught Place. Expect delays.
Delhi,"Traffic moving smoothly near Saket, all clear!"
Mumbai,"Avoid Andheri if possible, traffic jam reported."
Bangalore,"Road construction near Marathahalli, causing slow traffic."
Delhi,Vehicle breakdown near Saket causing congestion.
Delhi,Saket route is experiencing high traffic volume.
Delhi,Accident reported near Dwarka. Expect delays.
Mumbai,Rain causing waterlogging near Powai. Drive carefully!
Mumbai,Rain causing waterlogging near Andheri. Drive carefully!
Delhi,Rain causing waterlogging near Connaught Place. Drive carefully!
Hyderabad,Vehicle breakdown near Secunderabad causing congestion.
Bangalore,"Avoid Indiranagar if possible, traffic jam reported."
Mumbai,"Traffic moving smoothly near Colaba, all clear!"
Mumbai,"Traffic moving smoothly near Bandra, all clear!"
Hyderabad,Gachibowli route is experiencing high traffic volume.
Bangalore,Vehicle breakdown near Electronic City causing congestion.
Mumbai,Accident reported near Bandra. Expect delays.
Bangalore,Rain causing waterlogging near Koramangala. Drive carefully!
Bangalore,"Traffic moving smoothly near Koramangala, all clear!"
Bangalore,Peak hour traffic near Indiranagar. Plan accordingly.
Delhi,"Road construction near Karol Bagh, causing slow traffic."
Delhi,"Traffic is heavy near Connaught Place, please take another route."
Hyderabad,"Traffic is heavy near Hitech City, please take another route."
Mumbai,Accident reported near Andheri. Expect delays.
Bangalore,Rain causing waterlogging near Kasavanahalli. Drive carefully!
Hyderabad,Banjara Hills route is experiencing high traffic volume.
Hyderabad,"Police checkpoint near Gachibowli, causing minor delays."
Mumbai,"Traffic is heavy near Dadar, please take another route."
Hyderabad,Vehicle breakdown near Banjara Hills causing congestion.
Delhi,Peak hour traffic near Saket. Plan accordingly.
Delhi,Vehicle breakdown near Chandni Chowk causing congestion.
Hyderabad,"Traffic moving smoothly near Banjara Hills, all clear!"
Delhi,"Traffic is heavy near Saket, please take another route."
Mumbai,Rain causing waterlogging near Dadar. Drive carefully!
Bangalore,Kasavanahalli route is experiencing high traffic volume.
Hyderabad,Hitech City route is experiencing high traffic volume.
Bangalore,Vehicle breakdown near Indiranagar causing congestion.
Delhi,"Avoid Dwarka if possible, traffic jam reported."
Hyderabad,Accident reported near Secunderabad. Expect delays.
Hyderabad,"Police checkpoint near Hitech City, causing minor delays."
Mumbai,"Police checkpoint near Colaba, causing minor delays."
Bangalore,Accident reported near Kasavanahalli. Expect delays.
Hyderabad,"Traffic is heavy near Banjara Hills, please take another route."
Hyderabad,"Avoid Gachibowli if possible, traffic jam reported."
Mumbai,Vehicle breakdown near Powai causing congestion.
Bangalore,Vehicle breakdown near Marathahalli causing congestion.
Mumbai,"Police checkpoint near Andheri, causing minor delays."
Delhi,"Police checkpoint near Dwarka, causing minor delays."
Hyderabad,Vehicle breakdown near Hitech City causing congestion.
Hyderabad,Accident reported near Jubilee Hills. Expect delays.
Delhi,Vehicle breakdown near Karol Bagh causing congestion.
Bangalore,"Avoid Marathahalli if possible, traffic jam reported."
Hyderabad,"Police checkpoint near Banjara Hills, causing minor delays."
Mumbai,"Traffic is heavy near Andheri, please take another route."
Bangalore,Electronic City route is experiencing high traffic volume.
Bangalore,Accident reported near Indiranagar. Expect delays.
Hyderabad,"Avoid Jubilee Hills if possible, traffic jam reported."
Bangalore,"Road construction near Electronic City, causing slow traffic."
Delhi,"Avoid Chandni Chowk if possible, traffic jam reported."
Delhi,"Traffic is heavy near Karol Bagh, please take another route."
Mumbai,Peak hour traffic near Colaba. Plan accordingly.
Bangalore,Accident reported near Marathahalli. Expect delays.
Hyderabad,Peak hour traffic near Banjara Hills. Plan accordingly.
Bangalore,Peak hour traffic near Electronic City. Plan accordingly.
Mumbai,"Traffic is heavy near Bandra, please take another route."
Hyderabad,"Road construction near Secunderabad, causing slow traffic."
Mumbai,Dadar route is experiencing high traffic volume.
Delhi,"Traffic moving smoothly near Chandni Chowk, all clear!"
Bangalore,"Traffic moving smoothly near Indiranagar, all clear!"
Delhi,"Road construction near Dwarka, causing slow traffic."
Delhi,Accident reported near Karol Bagh. Expect delays.
Delhi,Peak hour traffic near Dwarka. Plan accordingly.
Hyderabad,"Traffic is heavy near Gachibowli, please take another route."
Mumbai,"Road construction near Powai, causing slow traffic."
Mumbai,"Avoid Powai if possible, traffic jam reported."
Hyderabad,"Traffic moving smoothly near Hitech City, all clear!"
Hyderabad,Accident reported near Gachibowli. Expect delays.
Bangalore,"Road construction near Koramangala, causing slow traffic."
Chennai,Heavy tourist rush during the weekend near Marina Beach.
Chennai,Religious festival causing traffic congestion at Kapaleeshwarar Temple.
Chennai,Event at Santhome Basilica leading to slow-moving traffic.
Chennai,Road blockage due to animal crossing warning near Guindy National Park.
Chennai,Construction work causing a bottleneck near Valluvar Kottam.
Chennai,Overflow parking issues causing traffic on the approach road to DakshinaChitra Museum.
Chennai,Weekend crowd leading to delays on the main road near Edward Elliot's Beach.
Chennai,Pilgrimage season causing gridlock near Velankanni Shrine.
Chennai,Civic rally resulting in road closures near Ripon Building.
Chennai,Surfing festival causing a spike in local traffic near Covelong Beach.
Kolkata,Photography exhibition leading to overcrowding near Victoria Memorial.
Kolkata,Maintenance work on Howrah Bridge causing diversions.
Kolkata,Festival procession leading to traffic snarls at Dakshineswar Kali Temple.
Kolkata,Religious gathering causing slow-moving traffic near Belur Math.
Kolkata,Evening walkers and gatherings leading to congestion near Prinsep Ghat.
Kolkata,New year celebrations causing overcrowding at Eco Park.
Kolkata,Restaurant rush hour causing congestion on weekends at Park Street.
Kolkata,Book festival leading to blocked entry roads near College Street.
Kolkata,Idol-making season causing increased local traffic near Kumartuli.
Kolkata,Sports event causing traffic jams in surrounding areas of Salt Lake Stadium.
